{
    "position": 
    {
        "x": -0.8004603767395,
        "y": 1.8009980011,
        "z": 0.0
    },
    "orientation": 
    {
        "x": 0.0,
        "y": 0.0,
        "z": 0.999972787533,
        "w": 0.00737727546307
    }
}
